3,Alperen,Aydın,55555555585,5350000000,alperen.aydin@dcs.com,20215100080,f,t
2,Berkay,Dinç,7654321,5170000000,berkay.dinc@dcs.com,20205100300,f,t
4,Alice,Türkoğlu,13may1982,5359687414,aliceTurko@gmail.com,10987654321,f,f
6,Martin,Garrix,1111111,1111111111,martinG@gmail.com,11111111111,f,f
5,Bob Marley,Faruk,cemYlmz,5428957865,bobmFaruk@hotmail.com,12345678910,f,f
1,Yusuf,Gassaloğlu,1234567,5310000000,yusuf.gassaloglu@dcs.com,20205100340,f,t
9,Mehmet,Hilal,3333333,3333333333,mhilal@gmail.com,33333333333,t,f
8,Seher,Yılmaz,2222222,2222222222,sehery@gmail.com,22222222222,t,f
